事件ID,触发位置,段落,事件/配置,对象/数量,规则与反制,设计目的
E01,完整试炼起点,热身教学,进入峡谷并生成近战影卫,1名影卫；HP72,玩家满血100；敌人立即进场,先建立基础操作与读招目标
E02,影卫被击败,热身出口,右侧门打开；玩家越过x=882切入下一段,门只在场上敌人清空后开放,让玩家理解清场与空间推进的关系
E03,压力段入场,双威胁教学,影卫与影弩手分批进入,影卫HP86延迟0.30秒；影弩手HP62延迟1.15秒,让玩家先注意近战再读直线弹体
E04,敌人进入攻击循环,双威胁教学,近战突刺与远程射击反复出现,近战前摇0.70秒/伤害19/恢复0.86秒；远程前摇0.88秒/弹体15伤害/恢复1.10秒,出手方向锁定；弹体不追踪；给走位与格挡留下可读窗口
E05,压力段全部敌人被击败,休整段入口,右侧门打开并切换至无敌人检查点,场上实体清空后开放,将练习段结束和恢复点连接起来
E06,休整段入场,检查点,恢复生命和资源,生命+28且上限100；耐力补满；能量+15,提供喘息并减少跑图消耗对Boss学习的干扰
E07,休整段右侧出口,Boss入口,进入三阶段守卫战,玩家落在Boss左侧；Boss HP780；直接练习模式初始能量28,完整流程与直达练习可分别演示关卡节奏和核心战斗
E08,Boss入口/阶段变化,Boss转场,入场与阶段切换期间Boss不可受击,入场1.35秒；阶段转场1.15秒；P2阈值520；P3阈值260,避免转场演出被连击打断；阈值与阶段内容一致
E09,P1生命780–521,Boss立规矩,横斩与投射物两组序列轮换,横斩24伤害/前摇0.86秒；投射物18伤害/前摇0.72秒,横斩可格挡或弹反；弹体可格挡/跳/闪但不可弹反,通过对照教学近身与远程处理
E10,P2生命520–261,Boss考间距,招式池加入锁定落点的突进,34伤害/前摇0.94秒/行程≤295px,不可格挡；近身正面可弹反；也可跳过路径或走位,检查读方向和管理距离的能力
E11,P3生命260–0,Boss考高度与场地,招式池加入地面震荡,28伤害/前摇1.12秒；中段危险x245–716；两侧安全带x52–244和716–916,不可格挡/弹反；跳跃或进入高亮侧区,测试高度判断与路径选择；普通闪避无敌不生效
E12,每阶段招式循环开始,Boss序列,两组受约束序列轮换且避免连续重复,每阶段各2条短序列,序列确定且转阶段重置；重复试玩仍可能背熟,便于比较不同阶段读招表现；后续需要种子/分支变体
E13,Boss击败或玩家失败,结束与反馈,展示本局指标并提供主观问卷,每次挑战1条记录,本地保存于浏览器localStorage；可导出JSON，不上传网络,把主观读招感受与命中/受击数据放在一起做下一轮调参
