类别（—=不适用；待定=未确定）,对象,生命或伤害,资源消耗/增益,前摇或启动(s),有效(s),恢复/持续(s),距离或范围,格挡,弹反/基础对策,实现说明
玩家,生命,100,—,—,—,—,—,—,受击后有短暂无敌,生命归零结束本局
玩家,耐力,100,格挡每秒-4；耐力耗尽破防,—,—,—,—,—,—,可格挡防御动作
玩家,普攻1,14,命中Boss+4能量；命中敌人+5,0.24,0.13,总动作0.72,前方112px,否,闪避/走位,方向在出手时锁定
玩家,普攻2,20,命中Boss+4能量；命中敌人+5,0.30,0.16,总动作0.78,前方124px,否,闪避/走位,方向在出手时锁定
玩家,普攻3,30,命中Boss+4能量；命中敌人+5,0.39,0.18,总动作0.84,前方138px,否,闪避/走位,更高收益但前摇更长
玩家,格挡,承伤25%,每次近战-24耐力；投射物-19；格挡时-4/s；命中+5能量,—,—,0.22命中无敌,正面；招式范围内,可,不适用,松开0.72秒后耐力每秒回复26
玩家,弹反,不造成直接伤害,成功+36架势/+18能量/+8耐力,0.4,—,失败恢复0.16,面向目标且≤150px,不适用,仅可弹反招式可成功,错误招式/距离/方向会消耗本次尝试
玩家,闪避,—,冷却0.72秒,—,0.25,位移状态0.25,横向,否,以无敌帧躲可闪避攻击,地面震荡不接受普通闪避无敌帧
玩家,破阵奥义,Boss伤害130；普通敌人伤害65,能量70；命中Boss受招式阶段影响,—,—,动作锁0.9；无敌0.5,正前方≤320px,否,对空中/安全区仍需位置判断,无目标不消耗能量；可用高成本无敌时机躲一次地面波
玩家,击败普通敌人,玩家获得14能量,上限100,—,—,—,—,—,—,所有普通敌人击败时奖励一次
精英,幽影守卫生命,280,阶段无切换,—,—,—,场地x=90–870,—,精英死亡后进入幕后剧情与挑战选择,复用原守卫动作和四类招式
精英,幽影横斩,伤害18,—,0.86,0.16,1.08,前方158px且玩家落地,可,可；面向且≤150px,普通攻击可打断
精英,暗影投射物,伤害14,—,0.72,0.16,0.72,水平直线；315px/s,可；消耗19耐力,不可；跳跃/闪避/正面格挡,生成后独立飞行
精英,影袭突进,伤害26,—,0.94,0.48,1.15,接触≤108px；目标行程≤295px,不可,可；需正面且≤150px,落点在预警时锁定
精英,地面震荡,伤害22,—,1.12,0.22,1.02,危险带x=245–716,不可,不可；跳跃或两侧安全带,安全区x=52–244/716–916
Boss,裂隙巫妖生命与阶段,720,阶段阈值540/360/180,—,—,转场1.15,场地x=90–870,—,阶段转场不可受击,P1 720–541；P2 540–361；P3 360–181；P4 180–0
Boss,靈魂震爆,傷害22,—,慢速1.45/快速0.82,慢速0.22/快速0.18,慢速1.30/快速0.95,以Boss為中心半徑慢速205px/快速145px且玩家落地,可,可；面向Boss且≤150px,紫藍大圈=慢速大範圍；金色小圈=快速小範圍；固定交替；P4不提速
Boss,追魂冥火,每發傷害12；P1/P2雙發，P3/P4三發,—,1.08,0.16,1.10,水平分層直線；285/333/381px/s,可；消耗24耐力,不可；移動/跳躍避開高度,生成後獨立飛行；P1起出現；各層高度在發射前預警
Boss,幽魂換位,傷害28,—,1.22,0.56,1.30,傳送落點半徑96px且玩家落地,不可,不可；離開預警圓環,落點距離玩家鎖定150px；P2加入；傳送後圓形衝擊
Boss,亡魂印爆,傷害24,—,1.35,0.34,1.25,鎖定座標半徑92px,不可,不可；離開圓印或跳躍,預警鎖定玩家位置；P3加入；P4持續出現
首领,架势与破势,架势100,普攻命中+5；弹反+36,—,—,破势1.6秒,—,—,弹反与普攻累积架势,架势破势期间玩家攻击伤害按收招倍率处理
敌人,热身影卫,HP72；突刺伤害19,—,0.70,0.17,恢复0.86,前方132px,可,可；弹反范围106px,预警后锁定方向；被击败后开门
敌人,压力段影卫,HP86；突刺伤害19,—,0.70,0.17,恢复0.86,前方132px,可,可；弹反范围106px,进场延迟0.30秒
敌人,压力段影弩手,HP62；投射物伤害15,—,0.88,0.17,恢复1.10,水平直线；270px/s,可,不可；跳/闪/正面格挡,进场延迟1.15秒
