触发距离（px）,事件,配置,体验目的
550,尖刺,单个地面尖刺,首次教学跳跃
1050,横刃,单个头顶横刃,首次教学下滑
1550,断桥守卒,近战守卒单体,红色蓄力后突刺，可跳/滑或飞镖打断
2200,尖刺,地面尖刺,复习跳跃
2850,纸鸢射手,远程射手单体,红线瞄准后发射低位弹
3600,横刃,头顶横刃,复习下滑
4300,能量球,定点补给 +20,演示拾取与奥义循环
4850,双人小队,守卒 + 射手错位登场,首次近战与远程同场
5750,尖刺,地面尖刺,组合压力
6500,断桥守卒,近战守卒单体,突刺读招与打断
7350,横刃,头顶横刃,连续操作检查
8100,纸鸢射手,远程射手单体,读红线与弹道
9000,双人小队,守卒 + 射手错位登场,目标优先级判断
9950,能量球,定点补给 +20,为后段战斗提供资源机会
10600,尖刺,地面尖刺,混合机关
11350,双人小队,守卒 + 射手错位登场,提高组合频率
12300,横刃,头顶横刃,Boss 前操作复核
13000,断桥守卒,近战守卒单体,检验突刺应对
13800,能量球,定点补给 +20,Boss 前准备
14500,纸鸢武者,Boss 战,跳/滑躲交替招式，收招输出
