系统,参数,当前值,单位,说明（均为初版假设）
玩家,生命,3,格,受击扣 1 格；无敌 0.95 s
玩家,无敌时间,0.95,秒,受击后的暂时保护
跑动,基准速度,240,px/s,按距离触发事件
玩家,跳跃,0.72,秒,起跳初速度 -590 px/s
玩家,下滑,0.55,秒,躲避头顶横刃/低位弹
追星镖,飞行速度,640,px/s,命中敌人 +5 能量
断桥守卒,生命,2,次命中,蓄力 0.68 s，突刺；击倒掉 +18 能量球
纸鸢射手,生命,1,次命中,瞄准 0.82 s 后发射低位弹；击倒掉 +16 能量球
纸鸢弹,飞行速度,430,px/s,跳跃或下滑可规避
固定补给球,能量,20,点,预置于关卡距离 4300 / 9950 / 13800
能量上限,容量,100,点,超过上限的拾取量不累加
受击,能量损失,12,点,作为受击代价
尖刺 / 横刃,成功规避,10,点,及时跳跃 / 下滑
守卒突刺,成功规避,8,点,及时跳跃 / 下滑
纸鸢弹,成功规避,6,点,及时跳跃 / 下滑
Boss 招式,成功规避,18,点,获得额外能量
Boss 硬直,飞镖命中,9 伤害 / +8 能量,,只有硬直窗口为完整输出
破阵奥义,释放门槛,100,能量,清除小怪与敌方弹丸；对 Boss 造成 34 伤害
